id,CO2_working_capacity [mL/g]
pretest_1,107.80295014194132
pretest_2,127.74971396342632
pretest_3,195.3259790285135
pretest_4,63.65362255584904
pretest_5,95.3635643794822
pretest_6,378.07343815690155
pretest_7,107.5432783518441
pretest_8,87.23333165063475
pretest_9,98.11339261018988
pretest_10,499.6166921286975
pretest_11,211.07073990972617
pretest_12,216.2578914962909
pretest_13,82.60192663002043
pretest_14,250.75242462649982
pretest_15,245.51533649320854
pretest_16,72.9974506169329
pretest_17,59.237575781868316
pretest_18,64.84796719808237
pretest_19,70.22213766021687
pretest_20,158.91779651688964
pretest_21,50.258008440522055
pretest_22,184.94572187384838
pretest_23,165.3848102356602
pretest_24,123.57979806837847
pretest_25,176.888239005203
pretest_26,209.63421777818272
pretest_27,78.97075818710469
pretest_28,99.60453558461795
pretest_29,63.02256137700968
pretest_30,143.73965114119332
pretest_31,159.33638625781813
pretest_32,70.81519211635391
pretest_33,108.97021984199176
pretest_34,70.15234517179061
pretest_35,110.09466535764079
pretest_36,93.27623044239863
pretest_37,84.88038627042805
pretest_38,64.01794258267483
pretest_39,107.86566693067074
pretest_40,119.17349613198766
pretest_41,94.09912037623424
pretest_42,268.1531217939005
pretest_43,77.70509004534983
pretest_44,196.0680880894722
pretest_45,159.19008376599834
pretest_46,129.16888961328115
pretest_47,80.82401623409676
pretest_48,152.23346226936363
pretest_49,173.89552735517006
pretest_50,53.730644787695354
pretest_51,123.50094477123866
pretest_52,89.18488522116996
pretest_53,79.24760277180256
pretest_54,160.63396864251342
pretest_55,110.61076289872503
pretest_56,65.17156525100572
pretest_57,69.72736280614309
pretest_58,105.8340474713847
pretest_59,191.43486649163978
pretest_60,94.09162129747581
pretest_61,298.0334633916038
pretest_62,88.94110916186054
pretest_63,77.81814325441313
pretest_64,135.85536115079182
pretest_65,83.28349194654805
pretest_66,146.76362001058118
pretest_67,132.13208055928627
pretest_68,155.7697915416683
pretest_69,211.17111068665065
pretest_70,83.65030227090469
pretest_71,312.88185931097854
pretest_72,208.92872367105593
pretest_73,65.84762707600478
pretest_74,194.89245623782858
pretest_75,227.3425624882661
pretest_76,160.1083517752781
pretest_77,186.81832493034324
pretest_78,107.89244062424412
pretest_79,86.80997151109426
pretest_80,110.67297987101445
pretest_81,102.96699287544949
pretest_82,175.06917487269675
pretest_83,85.76435622176896
pretest_84,249.55497496050893
pretest_85,76.97828395039751
pretest_86,67.87533000688303
pretest_87,107.1306789500021
pretest_88,130.2724064947094
pretest_89,94.34541114751177
pretest_90,210.31205515330225
pretest_91,96.23638357859609
pretest_92,194.2571688020245
pretest_93,118.98423755416798
pretest_94,189.55674972653048
pretest_95,76.33729697754777
pretest_96,175.98209367122462
pretest_97,64.8569695478269
pretest_98,87.12654596054364
pretest_99,188.52753535973525
pretest_100,70.1804405740236
pretest_101,74.05392201179517
pretest_102,101.62843943128424
pretest_103,97.94510599278178
pretest_104,118.96971442264942
pretest_105,73.20505764208137
pretest_106,103.6153469120407
pretest_107,94.97383508973354
pretest_108,220.73568432615693
pretest_109,69.75414005499242
pretest_110,86.76281702834095
pretest_111,86.66590956757513
pretest_112,170.63216526464805
pretest_113,228.504827451363
pretest_114,76.69654614524765
pretest_115,98.74544135080478
pretest_116,65.70104841966784
pretest_117,124.15756039333533
pretest_118,107.73362276703946
pretest_119,261.2829950729237
pretest_120,103.2939658047137
pretest_121,65.95932532933644
pretest_122,120.28525251242044
pretest_123,107.01889244541658
pretest_124,105.0509070085387
pretest_125,181.21465056229607
pretest_126,46.630964239407795
pretest_127,133.85048533847961
pretest_128,166.02070483421198
pretest_129,76.96419015715817
pretest_130,151.8508305552863
pretest_131,188.343082393068
pretest_132,62.05214217323826
pretest_133,279.6725355696295
pretest_134,84.91604184582204
pretest_135,221.44912683966285
pretest_136,242.61881120890723
pretest_137,232.1284879300943
pretest_138,135.1562514447213
pretest_139,88.67245501839723
pretest_140,64.38571063423994
pretest_141,125.65064019656616
pretest_142,63.63431458889633
pretest_143,77.52083480529575
pretest_144,80.5506982610329
pretest_145,62.89645316184169
pretest_146,85.21550813185935
pretest_147,89.49458768885006
pretest_148,186.91531424683254
pretest_149,140.41576974530324
pretest_150,134.20311136289155
pretest_151,79.10266581187516
pretest_152,158.45140200773983
pretest_153,94.51100288638261
pretest_154,77.52087145994815
pretest_155,457.3156135548697
pretest_156,252.14579511253382
pretest_157,66.44126891345726
pretest_158,149.0335036091905
pretest_159,106.38978087414182
pretest_160,204.46370743558518
pretest_161,147.84413896640206
pretest_162,99.23223917185368
pretest_163,97.43623298752046
pretest_164,110.45104795490516
pretest_165,115.51427087980277
pretest_166,257.09186586554483
pretest_167,337.5792132960189
pretest_168,239.78206680532466
pretest_169,75.61252225981887
pretest_170,266.2789990365409
pretest_171,189.4410622854174
pretest_172,107.96184199425088
pretest_173,96.67291314955123
pretest_174,134.62576139250928
pretest_175,192.80980227504665
pretest_176,117.52402038233248
pretest_177,83.46546387203257
pretest_178,57.711305816450306
pretest_179,140.86777849254483
pretest_180,84.37917854586827
pretest_181,77.95736387980337
pretest_182,59.174023479901756
pretest_183,103.39446022875
pretest_184,152.7253781151925
pretest_185,90.3879406747048
pretest_186,83.95320029095997
pretest_187,95.59450324342782
pretest_188,69.59058213293342
pretest_189,113.39964534076458
pretest_190,119.0494462534843
pretest_191,84.71478128979015
pretest_192,72.16507519225094
pretest_193,82.54166979235293
pretest_194,124.03042368304008
pretest_195,117.61442257351351
pretest_196,70.33753484748998
pretest_197,205.0791341567181
pretest_198,49.9500650103937
pretest_199,56.56538498393613
pretest_200,113.73538064723277
pretest_201,128.50930256741697
pretest_202,148.00082386675223
pretest_203,36.0607989846648
pretest_204,64.0908571644156
pretest_205,121.31481000090577
pretest_206,103.37338297036838
pretest_207,61.2384445994995
pretest_208,172.0389364192334
pretest_209,74.4775163050899
pretest_210,180.5833174845709
pretest_211,64.16451624095305
pretest_212,142.39368712609067
pretest_213,175.00207063331968
pretest_214,140.00765062460204
pretest_215,90.89593528385578
pretest_216,118.16156843237155
pretest_217,89.06066527948236
pretest_218,105.01919908649089
pretest_219,147.97014148924757
pretest_220,70.99104830180276
pretest_221,84.95850379208113
pretest_222,196.54389545679115
pretest_223,93.35105546769529
pretest_224,98.8416937711195
pretest_225,76.60140161821307
pretest_226,129.25592555772025
pretest_227,98.36905077621371
pretest_228,71.8123240943588
pretest_229,304.58451880645504
pretest_230,159.18410746327316
pretest_231,71.82753037156603
pretest_232,107.62517819214351
pretest_233,72.00575227748439
pretest_234,70.35575730252242
pretest_235,120.9778649404529
pretest_236,197.84507520826656
pretest_237,99.73242672133236
pretest_238,71.12799631520085
pretest_239,154.73856042035885
pretest_240,116.08024930464433
pretest_241,93.06125067112374
pretest_242,176.30194269183983
pretest_243,186.7472148103036
pretest_244,85.31355758274164
pretest_245,102.46589971716881
pretest_246,57.080893596903515
pretest_247,91.87570311278623
pretest_248,71.62598370193751
pretest_249,185.12197719940403
pretest_250,138.74201537755434
pretest_251,141.05536618578938
pretest_252,299.0650140391974
pretest_253,288.1792312298886
pretest_254,206.82346417090412
pretest_255,289.7444199593596
pretest_256,260.761393764117
pretest_257,146.89695227342557
pretest_258,146.3763905012224
pretest_259,435.7735791659556
pretest_260,195.19586789153735
pretest_261,73.59982690209827
pretest_262,80.83991273248733
pretest_263,181.47658745974047
pretest_264,118.4376098213423
pretest_265,180.54060682567123
pretest_266,101.90247769008853
pretest_267,251.53987607567805
pretest_268,71.82037604152387
pretest_269,61.567637312758954
pretest_270,118.72112970677303
pretest_271,111.35263566103032
pretest_272,108.37836640090774
pretest_273,102.26702765770689
pretest_274,65.67843551770255
pretest_275,78.04498596693189
pretest_276,127.10338626760036
pretest_277,75.09839726152853
pretest_278,153.41005392607147
pretest_279,233.0387183620455
pretest_280,95.83199331500913
pretest_281,441.7653708491674
pretest_282,153.8140496603851
pretest_283,186.1952036868372
pretest_284,110.11536508472051
pretest_285,94.85075157965542
pretest_286,79.32024100798482
pretest_287,156.5823064994339
pretest_288,49.54304240049882
pretest_289,141.78609836930244
pretest_290,195.46919891477862
pretest_291,183.1651439364432
pretest_292,185.29674206093915
pretest_293,90.34554579320394
pretest_294,267.32624000863166
pretest_295,62.71560673491033
pretest_296,343.52196100250563
pretest_297,66.39043473281589
pretest_298,158.18866528519422
pretest_299,210.23171953714754
pretest_300,56.007753914662665
pretest_301,165.38548230945915
pretest_302,113.26501061389531
pretest_303,76.83214773372329
pretest_304,306.87694666199883
pretest_305,115.22317156007038
pretest_306,232.6599403039633
pretest_307,50.18489113347934
pretest_308,121.59740482728144
pretest_309,160.81919545836755
pretest_310,114.08803755825785
pretest_311,113.90443520112039
pretest_312,59.925246937939555
pretest_313,110.99035563354721
pretest_314,76.35384971944282
pretest_315,189.178235696788
pretest_316,124.09188012811585
pretest_317,93.65703491223249
pretest_318,85.57378620083017
pretest_319,83.91989468022119
pretest_320,155.5759755812698
pretest_321,131.3455444058269
pretest_322,109.16135503572353
pretest_323,157.75231959884545
pretest_324,77.63529072376349
pretest_325,120.0480114580811
pretest_326,159.104395870776
pretest_327,119.90914174266904
pretest_328,64.60829445674425
pretest_329,79.99592886400268
pretest_330,62.075727208279076
pretest_331,206.10694200392237
pretest_332,118.13959691546957
pretest_333,111.01876645171953
pretest_334,75.00096157267598
pretest_335,93.33366926015904
pretest_336,127.93694023695934
pretest_337,107.34949484079763
pretest_338,211.34158513526586
pretest_339,418.562924423622
pretest_340,178.67883433779653
pretest_341,72.4831096250066
pretest_342,79.43571293797994
pretest_343,125.45529687820235
pretest_344,162.65997909191515
pretest_345,428.0301942918059
pretest_346,152.6084967872557
pretest_347,221.6760784508073
pretest_348,295.6520755819595
pretest_349,77.29294203474001
pretest_350,244.41712327478538
pretest_351,88.10981579440224
pretest_352,68.59495516730355
pretest_353,94.06379509345555
pretest_354,93.95271859470458
pretest_355,62.06477329927683
pretest_356,149.25072720133593
pretest_357,170.64276705862736
pretest_358,79.33018221363702
pretest_359,74.31537235534017
pretest_360,512.7811744319837
pretest_361,97.41405799868771
pretest_362,64.35569313921116
pretest_363,254.74542321954982
pretest_364,79.90082614704916
pretest_365,94.9189720838082
pretest_366,190.86337461993168
pretest_367,450.357761343696
pretest_368,253.39847991236925
pretest_369,76.2570787298071
pretest_370,313.8257891606458
pretest_371,171.12004922260266
pretest_372,117.3792336828941
pretest_373,267.6566400853732
pretest_374,97.2271603626131
pretest_375,58.6148273954323
pretest_376,91.52320559280723
pretest_377,152.4228709569875
pretest_378,276.09935191941696
pretest_379,59.637304215803326
pretest_380,157.19151562576752
pretest_381,49.12717506789921
pretest_382,270.8402519246038
pretest_383,359.44519564644435
pretest_384,99.90679262260086
pretest_385,82.10746578206876
pretest_386,68.24929728020018
pretest_387,188.0879192904313
pretest_388,165.48474537136698
pretest_389,194.4022916755265
pretest_390,104.45898046428916
pretest_391,71.01578996823856
pretest_392,84.1450544340381
pretest_393,220.35945501244336
pretest_394,209.4305012679239
pretest_395,253.37372888338265
pretest_396,92.52344244758237
pretest_397,104.5027685386474
pretest_398,218.4469703163678
pretest_399,97.16746942852454
pretest_400,144.89545589284987
pretest_401,113.6283649474313
pretest_402,71.58405114608568
pretest_403,86.07556276773568
pretest_404,81.16058560558957
pretest_405,194.37931741994336
pretest_406,74.33519458828708
pretest_407,133.7570823603716
pretest_408,109.35122265624642
pretest_409,59.55546177543998
pretest_410,94.92575870935576
pretest_411,314.0447514481411
pretest_412,90.88136916665742
pretest_413,129.37733010194938
pretest_414,155.37972530945018
pretest_415,140.84131620381032
pretest_416,85.97229285787344
pretest_417,98.96915209913004
pretest_418,247.83908746607537
pretest_419,215.21668172912672
pretest_420,100.45623441056075
pretest_421,67.2687854391654
pretest_422,100.02911138736712
pretest_423,83.44402036024978
pretest_424,244.0432757592998
pretest_425,317.1275037721182
pretest_426,77.01911946124228
pretest_427,109.9291213810669
pretest_428,169.56706158841064
pretest_429,161.09433695839473
pretest_430,231.68024441938698
pretest_431,246.05248264859472
pretest_432,145.1365434210816
pretest_433,228.11422916466665
pretest_434,344.9235923563031
pretest_435,73.97565252597627
pretest_436,68.6528478023436
pretest_437,108.01730151441274
pretest_438,55.97309068539949
pretest_439,191.8082394062498
pretest_440,87.94905941810444
pretest_441,110.39002638559005
pretest_442,124.06056796287001
pretest_443,249.12521043121714
pretest_444,55.76246384569292
pretest_445,62.83115030757439
pretest_446,59.471527299544604
pretest_447,103.25384924628867
pretest_448,268.56812446890393
pretest_449,90.54967462802657
pretest_450,64.6266628805436
pretest_451,374.44375105273116
pretest_452,67.71747999872159
pretest_453,73.26961783704931
pretest_454,73.15919119887738
pretest_455,135.85504147601404
pretest_456,52.36149446536424
pretest_457,106.52020479707384
pretest_458,280.39878524013034
pretest_459,91.61567449491582
pretest_460,129.5442000489121
pretest_461,80.61270947984264
pretest_462,322.1526144588885
pretest_463,232.01833966876745
pretest_464,95.38657488141342
pretest_465,464.3577680954144
pretest_466,78.19440627715025
pretest_467,121.4737820521711
pretest_468,201.18263038190352
pretest_469,256.7577799489996
pretest_470,125.76758725744847
pretest_471,240.6809012890244
pretest_472,213.99096457634383
pretest_473,119.47076305156772
pretest_474,266.07439032753166
pretest_475,426.7140684750811
pretest_476,203.62136658890643
pretest_477,80.95625050144243
pretest_478,41.184920453419764
pretest_479,106.8294721982723
pretest_480,233.0944354814844
pretest_481,124.56147581597541
pretest_482,167.980013556897
pretest_483,122.43530074924391
pretest_484,78.66150895904514
pretest_485,105.77573273177747
pretest_486,107.17330517636383
pretest_487,114.0896873301316
pretest_488,101.18847589180399
pretest_489,94.87793110793102
pretest_490,131.72259305762088
pretest_491,81.54793630882688
pretest_492,54.119075296013726
pretest_493,90.07301436614104
pretest_494,143.8607024443114
pretest_495,112.1539628231335
pretest_496,95.06828959444907
pretest_497,75.50374523919292
pretest_498,108.51904246663861
pretest_499,275.6126453195327
pretest_500,268.25963100489184
pretest_501,119.70961539226424
pretest_502,140.12115862789284
pretest_503,328.30167458106894
pretest_504,136.32563397758736
pretest_505,110.3259970333837
pretest_506,86.58013949570498
pretest_507,81.42175409272596
pretest_508,232.5975024116409
pretest_509,61.36432674763883
pretest_510,153.62756969211605
pretest_511,394.23353835285053
pretest_512,237.32277531512028
pretest_513,57.620682761509244
pretest_514,206.9330546726552
pretest_515,66.66011953428696
pretest_516,138.43108217988114
pretest_517,149.74426979628328
pretest_518,60.86731213164014
pretest_519,61.418877601942185
pretest_520,74.82279274110533
pretest_521,85.45159215756865
pretest_522,223.4910008973745
pretest_523,115.2846347907942
pretest_524,90.86433190726937
pretest_525,78.87699830562774
pretest_526,95.68129598747457
pretest_527,132.4389290811363
pretest_528,69.66970805483169
pretest_529,257.705093320949
pretest_530,73.61250828802196
pretest_531,45.39188553171282
pretest_532,284.7847882442808
pretest_533,147.0673434303973
pretest_534,81.2812699896314
pretest_535,124.92819124879703
pretest_536,67.2127048282615
pretest_537,379.36998617129296
pretest_538,180.48335911925807
pretest_539,68.98595620513461
pretest_540,76.09809817726722
pretest_541,87.68678774892359
pretest_542,120.70748041062129
pretest_543,207.42296350255955
pretest_544,55.85164796886709
pretest_545,117.56934439795832
pretest_546,218.20477159499052
pretest_547,237.75827495140203
pretest_548,315.2968744736121
pretest_549,240.59935660790399
pretest_550,118.28808240635838
pretest_551,68.96651673973592
pretest_552,216.5620968493913
pretest_553,131.35871259043932
pretest_554,208.41591216372373
pretest_555,75.779661296716
pretest_556,202.71523601876163
pretest_557,170.30925626503478
pretest_558,251.21987033175617
pretest_559,143.78993760330795
pretest_560,83.70974919115508
pretest_561,101.08436629810079
pretest_562,97.7086408254101
pretest_563,129.59767838825482
pretest_564,59.165254584620364
pretest_565,104.67826048642453
pretest_566,180.90563265145127
pretest_567,130.68103483576817
pretest_568,223.25704662226838
pretest_569,160.65493834646637
pretest_570,244.99188843509327
pretest_571,383.818213947393
pretest_572,61.2197237899013
pretest_573,69.19615738405814
pretest_574,171.4818513459421
pretest_575,84.67933773166183
pretest_576,139.47926409669552
pretest_577,81.70517982196843
pretest_578,100.55972759448314
pretest_579,414.7380120627094
pretest_580,184.36835240546364
pretest_581,125.36096708569008
pretest_582,85.63877445644317
pretest_583,81.89176608274096
pretest_584,349.7424942702484
pretest_585,139.44843800851925
pretest_586,174.75558618578884
pretest_587,169.07086302049294
pretest_588,69.97891759443291
pretest_589,169.65730264183986
pretest_590,143.9616684356357
pretest_591,208.11731426788614
pretest_592,145.12441890648967
pretest_593,80.02502001163538
pretest_594,68.90870765704594
pretest_595,103.56784291766847
pretest_596,74.30253428688948
pretest_597,71.55983044031233
pretest_598,175.7832928686511
pretest_599,196.3480634422853
pretest_600,144.84380057770258
pretest_601,230.1296576868435
pretest_602,64.27493494292582
pretest_603,296.310239921043
pretest_604,174.69642602360983
pretest_605,68.93337540604192
pretest_606,124.02622337394762
pretest_607,100.35089490088329
pretest_608,136.78610420894162
pretest_609,61.60952486379634
pretest_610,96.60419606674014
pretest_611,137.4936930431579
pretest_612,94.52266191776464
pretest_613,225.48313144364357
pretest_614,170.20511753830152
pretest_615,89.66060305301248
pretest_616,121.86071489424161
pretest_617,94.60485414766417
pretest_618,251.04639658003885
pretest_619,87.3566591705282
pretest_620,127.38194713927994
pretest_621,103.7383139118961
pretest_622,57.52731354816446
pretest_623,87.7989711291913
pretest_624,178.2136379262522
pretest_625,115.28711931126651
pretest_626,266.02829599381334
pretest_627,145.09758195622032
pretest_628,206.5498178632205
pretest_629,81.62810100426545
pretest_630,85.05866631042137
pretest_631,150.66706145838864
pretest_632,61.88084925943886
pretest_633,245.68974173021775
pretest_634,68.14121808426091
pretest_635,93.09198096014234
pretest_636,137.73811630035357
pretest_637,68.80389771241065
pretest_638,145.45550221829023
pretest_639,83.73131857126933
pretest_640,62.659937338561946
pretest_641,67.94157143435163
pretest_642,77.99433308038905
pretest_643,83.61169535409876
pretest_644,411.9484727222739
pretest_645,137.31204736693564
pretest_646,94.25527383539352
pretest_647,203.9777259448053
pretest_648,121.27864464592136
pretest_649,66.11183229926833
pretest_650,351.91096164952614
pretest_651,55.129956604839215
pretest_652,154.25637091595019
pretest_653,120.23166185760155
pretest_654,113.66884351223155
pretest_655,67.68976273936507
pretest_656,86.58595129537993
pretest_657,170.03753575423164
pretest_658,195.93634979425605
pretest_659,62.711496543449805
pretest_660,190.03794035439736
pretest_661,85.16770336884136
pretest_662,69.81250349787766
pretest_663,76.3502524531395
pretest_664,285.46906157381903
pretest_665,104.36006978163103
pretest_666,132.99275560401858
pretest_667,207.23927564602928
pretest_668,86.70586286074669
pretest_669,73.91854796218693
pretest_670,70.60442009526741
pretest_671,408.10977712733535
pretest_672,130.61069686451182
pretest_673,156.05735691035758
pretest_674,92.43696283319993
pretest_675,109.53891062029184
pretest_676,104.66033134445006
pretest_677,438.1493166515444
pretest_678,221.71926143217595
pretest_679,75.92644812111105
pretest_680,76.58849210625314
pretest_681,83.90916829732316
pretest_682,91.12180997924796
pretest_683,316.84123858410766
pretest_684,131.16848196019063
pretest_685,161.019845614967
pretest_686,140.1868340355291
pretest_687,171.14074892038892
pretest_688,109.82874211180841
pretest_689,68.81969587807197
pretest_690,207.90211289282104
pretest_691,289.05738346613055
pretest_692,88.19745644279183
pretest_693,76.61847543068502
pretest_694,150.93985226151102
pretest_695,232.12898374609068
pretest_696,116.14106055212584
pretest_697,90.06975079549419
pretest_698,142.0235030968361
pretest_699,83.99681278753397
pretest_700,224.0687656505183
pretest_701,176.6258398621145
pretest_702,94.15452751051225
pretest_703,170.6842481230686
pretest_704,91.49283615167732
pretest_705,220.82856881171085
pretest_706,102.78751249632087
pretest_707,259.0261041142411
pretest_708,158.87537787778695
pretest_709,91.39329689999948
pretest_710,125.7385561018862
pretest_711,70.79482652496613
pretest_712,60.10356410994852
pretest_713,100.83123739180076
pretest_714,91.20699087520735
pretest_715,64.72192632965034
pretest_716,86.80415786005538
pretest_717,285.4432279216746
pretest_718,398.09351218512484
pretest_719,137.64334740089913
pretest_720,92.05014604413874
pretest_721,188.60265973708118
pretest_722,196.23604673012545
pretest_723,97.9981890290477
pretest_724,75.71732161786343
pretest_725,85.02724829752432
pretest_726,170.47424460642478
pretest_727,130.46506404576172
pretest_728,291.5736340098342
pretest_729,64.61915360711187
pretest_730,80.58229132100588
pretest_731,229.4256807205288
pretest_732,68.82145918753345
pretest_733,242.4288726169281
pretest_734,68.04860368311108
pretest_735,119.35003296102423
pretest_736,187.73957849008158
pretest_737,217.12949828566477
pretest_738,221.23292771239127
pretest_739,181.2724808272945
pretest_740,55.74754870708648
pretest_741,62.50714846771672
pretest_742,57.80053283781936
pretest_743,94.9765738206638
pretest_744,101.13498170859279
pretest_745,233.23291949640733
pretest_746,240.79526149786375
pretest_747,176.16518414586216
pretest_748,110.10833765770077
pretest_749,68.89241239630842
pretest_750,140.43395266706224
pretest_751,119.79253320641004
pretest_752,295.1990150376733
pretest_753,82.51459960714229
pretest_754,175.3692021247636
pretest_755,157.3755407803919
pretest_756,83.51757796333396
pretest_757,86.15574839010266
pretest_758,216.66192097811125
pretest_759,106.22766315977513
pretest_760,179.94008095905104
pretest_761,204.4086132418596
pretest_762,138.21687765079471
pretest_763,65.45905600727271
pretest_764,102.16889181836378
pretest_765,155.6141729008899
pretest_766,75.51509534589078
pretest_767,365.145397162435
pretest_768,131.78996528302682
pretest_769,85.00103887206552
pretest_770,100.4409626443631
pretest_771,82.32296173019412
pretest_772,189.1470553243459
pretest_773,56.431569735096474
pretest_774,87.76827510174886
pretest_775,125.37670448249433
pretest_776,189.05551044383944
pretest_777,127.26427018437796
pretest_778,108.86658445715545
pretest_779,222.49265691736335
pretest_780,96.10219671900494
pretest_781,75.95765362567101
pretest_782,237.3494421559331
pretest_783,96.42983449867882
pretest_784,79.41870550996542
pretest_785,185.36306654435134
pretest_786,154.91641127660904
pretest_787,66.2711278454381
pretest_788,149.92773016837472
pretest_789,117.3170256137298
pretest_790,50.91244658160113
pretest_791,129.6856920179631
pretest_792,184.67598323127564
pretest_793,76.3195467050359
pretest_794,55.1368122493013
pretest_795,85.71357758690257
pretest_796,76.16739546276168
pretest_797,97.59988705676079
pretest_798,86.72627328018743
pretest_799,66.50264718684986
pretest_800,122.15463836312388
pretest_801,219.0050218599594
pretest_802,75.29213252423835
pretest_803,49.649290271941766
pretest_804,62.409404489954085
pretest_805,113.21224544805007
pretest_806,130.23296274359805
pretest_807,170.51546659534102
pretest_808,126.7867740505758
pretest_809,114.96797039190825
pretest_810,84.16187888106691
pretest_811,166.95937791315595
pretest_812,86.31175775567176
pretest_813,89.04084022608075
pretest_814,76.182734828272
pretest_815,338.268092929231
pretest_816,210.05122131213
pretest_817,107.42171260476478
pretest_818,57.66332358584768
pretest_819,281.8212754240556
pretest_820,113.83841233929488
pretest_821,253.90939820361913
pretest_822,59.41291910414688
pretest_823,97.05810993017084
pretest_824,251.8177440418251
pretest_825,77.67414375767572
pretest_826,68.52721582166127
pretest_827,129.24421413072892
pretest_828,55.76324693885261
pretest_829,61.673028179927485
pretest_830,76.05109934931856
pretest_831,230.7538817753375
pretest_832,90.49737216481327
pretest_833,83.29670167118397
pretest_834,151.67789418220593
pretest_835,70.03290164912741
pretest_836,163.76236040167757
pretest_837,88.67587519366428
pretest_838,70.86340250417575
pretest_839,217.98491451722762
pretest_840,55.253267124194664
pretest_841,75.1441692483767
pretest_842,155.69315470551447
pretest_843,286.8727180678454
pretest_844,128.5737940567092
pretest_845,107.66777541059847
pretest_846,231.34610368891094
pretest_847,277.8757682962738
pretest_848,92.79706281806983
pretest_849,375.1699237526649
pretest_850,84.00692397933648
pretest_851,90.12834083003685
pretest_852,82.73682041819137
pretest_853,128.35907654041884
pretest_854,121.10007982800533
pretest_855,134.23833513658093
pretest_856,189.96039268609667
pretest_857,80.02580362996433
pretest_858,249.2115624894664
pretest_859,85.90563259333133
pretest_860,200.90402889501257
pretest_861,202.51719059164444
pretest_862,57.83799017820059
pretest_863,75.77641995718986
pretest_864,53.1757823538331
pretest_865,239.3984865949236
pretest_866,72.78973576734775
pretest_867,61.03087752235142
pretest_868,261.6733637503805
pretest_869,86.6217836736942
pretest_870,84.96213199033247
pretest_871,97.44197871361888
pretest_872,68.12885947090336
pretest_873,232.73046654254242
pretest_874,199.22832951355542
pretest_875,150.44404396350237
pretest_876,145.30825466188523
pretest_877,75.70284188774572
pretest_878,96.15912945335016
pretest_879,58.19087821004797
pretest_880,117.84743810113265
pretest_881,231.60419763993178
pretest_882,128.5986704084793
pretest_883,156.79165248314965
pretest_884,126.81201062149572
pretest_885,82.6453400113874
pretest_886,60.26353139676019
pretest_887,58.34535779683144
pretest_888,87.66905662453611
pretest_889,156.15897897005684
pretest_890,168.28866642438422
pretest_891,305.7121710415294
pretest_892,68.03711212357858
pretest_893,122.16922891928793
pretest_894,152.06466052273996
pretest_895,69.3119248052257
pretest_896,72.53158868510084
pretest_897,381.9071462986394
pretest_898,78.6454449937275
pretest_899,71.19151221310437
pretest_900,93.80853503992597
pretest_901,194.92067173727017
pretest_902,65.92543230059054
pretest_903,73.75744296426664
pretest_904,70.97646052655388
pretest_905,99.74041478835527
pretest_906,116.23597533305643
pretest_907,174.86276930851568
pretest_908,80.10758078454141
pretest_909,299.68802834967323
pretest_910,117.236174199172
pretest_911,119.45426070573934
pretest_912,140.1414738930138
pretest_913,194.72432317401973
pretest_914,78.6591774712279
pretest_915,80.55421008289038
pretest_916,108.27234674224083
pretest_917,100.60830799032037
pretest_918,96.05250151119519
pretest_919,150.358808729682
pretest_920,324.1019779172807
pretest_921,95.38149320839979
pretest_922,93.00282503720544
pretest_923,32.93673675492803
pretest_924,69.96413318705555
pretest_925,92.62862987492949
pretest_926,77.09895045301924
pretest_927,194.48288489775877
pretest_928,50.32506123602943
pretest_929,59.83585434795439
pretest_930,88.76921222681018
pretest_931,272.4444965996321
pretest_932,76.04764738254971
pretest_933,177.26063512251352
pretest_934,96.09823411663032
pretest_935,164.650158187755
pretest_936,210.08600249899217
pretest_937,89.495428773897
pretest_938,158.46207130693844
pretest_939,117.67617616799652
pretest_940,366.6352347840599
pretest_941,96.73928445305553
pretest_942,187.69803506172258
pretest_943,96.26155532726091
pretest_944,226.93135347612915
pretest_945,82.55786020963252
pretest_946,330.39388128937736
pretest_947,444.6997333499034
pretest_948,115.64468762253297
pretest_949,143.51239245649825
pretest_950,153.09439737479613
pretest_951,73.36102588496935
pretest_952,177.3885805605138
pretest_953,159.9968889762639
pretest_954,255.4683233212756
pretest_955,153.6653016746423
pretest_956,155.26746386630168
pretest_957,95.19452382037215
pretest_958,66.94052136121292
pretest_959,70.14735973439306
pretest_960,222.10741003553332
pretest_961,158.78566084690559
pretest_962,102.78007433977324
pretest_963,76.56874279275013
pretest_964,60.38905146192741
pretest_965,96.76543907218365
pretest_966,98.3690675535395
pretest_967,88.22210649740278
pretest_968,222.39376087816785
pretest_969,98.62386253700656
pretest_970,120.94849341660574
pretest_971,88.22516589454013
pretest_972,112.38235510914674
pretest_973,340.8482275941435
pretest_974,67.89262640641212
pretest_975,274.0680330733994
pretest_976,76.83213371423733
pretest_977,108.24543185682522
pretest_978,129.74237615680448
pretest_979,99.93372723380254
pretest_980,242.61201998318086
pretest_981,55.85387149613139
pretest_982,131.03243136933844
pretest_983,184.18391724805878
pretest_984,185.55826387035077
pretest_985,75.92086692220529
pretest_986,218.52938335461866
pretest_987,43.85136692035539
pretest_988,215.00641269886762
pretest_989,60.38480565035872
pretest_990,86.6351680427343
pretest_991,276.61156239636256
pretest_992,83.52210127999429
pretest_993,80.01408567688779
pretest_994,73.61253297475714
pretest_995,64.78961044167504
pretest_996,130.00164557503717
pretest_997,210.35274977386106
pretest_998,70.86733527168347
pretest_999,175.4319645760491
pretest_1000,99.29365749878701
pretest_1001,70.61764567885413
pretest_1002,144.50579606439487
pretest_1003,60.01628424824252
pretest_1004,57.54243498805094
pretest_1005,86.91752897235942
pretest_1006,122.51684452471326
pretest_1007,79.00872706185963
pretest_1008,50.38975043130091
pretest_1009,124.38743802875784
pretest_1010,133.80530242132414
pretest_1011,133.34761071136418
pretest_1012,151.38240681584514
pretest_1013,256.30709684688287
pretest_1014,108.30588262712295
pretest_1015,204.00437594753706
pretest_1016,65.09059060200029
pretest_1017,121.75927561779346
pretest_1018,131.3888348376679
pretest_1019,135.06847323234956
pretest_1020,54.46174286588097
pretest_1021,80.41471672246362
pretest_1022,76.83807253338802
pretest_1023,91.20876469662807
pretest_1024,87.33455006952998
pretest_1025,67.48137516140332
pretest_1026,310.5498153321715
pretest_1027,90.8466484924033
pretest_1028,212.993127028974
pretest_1029,189.2981719670259
pretest_1030,285.2442702515181
pretest_1031,70.14252967170225
pretest_1032,74.35493018298389
pretest_1033,72.60512494985959
pretest_1034,77.11124689761375
pretest_1035,93.27554751833493
pretest_1036,95.30863492480186
pretest_1037,87.70205563858718
pretest_1038,65.0509044495262
pretest_1039,51.86645217087652
pretest_1040,74.67496474157655
pretest_1041,93.47319679311549
pretest_1042,66.9600545722356
pretest_1043,88.11796271935526
pretest_1044,288.3439086631413
pretest_1045,64.13270519255981
pretest_1046,285.4293324553854
pretest_1047,57.21570362117567
pretest_1048,74.41064407557944
pretest_1049,73.56416664460616
pretest_1050,79.23509078738769
pretest_1051,134.35329319808343
pretest_1052,133.45050094536035
pretest_1053,257.379535362904
pretest_1054,97.02826367135269
pretest_1055,433.5852168027202
pretest_1056,68.42501501376661
pretest_1057,273.6001388438941
pretest_1058,155.09996591567256
pretest_1059,163.7703711117788
pretest_1060,111.96632871569241
pretest_1061,241.60064180299744
pretest_1062,82.77423128369324
pretest_1063,142.99501183440614
pretest_1064,56.11754874127292
pretest_1065,195.37312994547173
pretest_1066,93.38895010255432
pretest_1067,77.56026099997848
pretest_1068,141.78002491009116
pretest_1069,141.64217098910638
pretest_1070,132.3026824765324
pretest_1071,115.12502011335783
pretest_1072,77.53850817249484
pretest_1073,213.66313605676268
pretest_1074,144.65760900777028
pretest_1075,63.45957715870258
pretest_1076,85.67683863790329
pretest_1077,151.72268377719047
pretest_1078,84.77844050395771
pretest_1079,102.64209967944024
pretest_1080,126.93457166693088
pretest_1081,89.10781024418722
pretest_1082,360.13056640243593
pretest_1083,90.37879901200016
pretest_1084,65.13906617451606
pretest_1085,75.59165413870981
pretest_1086,102.86131257763029
pretest_1087,70.24912679764451
pretest_1088,61.27643237227266
pretest_1089,115.9343496045437
pretest_1090,57.37594545140106
pretest_1091,173.06885275341273
pretest_1092,207.17473234358332
pretest_1093,190.07381013320602
pretest_1094,54.666634144777255
pretest_1095,71.38334617532625
pretest_1096,298.319434335647
pretest_1097,170.48753006326908
pretest_1098,430.53106184562085
pretest_1099,147.2601950403065
pretest_1100,58.109702393341884
pretest_1101,130.23169340030955
pretest_1102,72.70668804391991
pretest_1103,85.10254073937105
pretest_1104,101.8607713059785
pretest_1105,127.25756689482866
pretest_1106,101.1047301543979
pretest_1107,116.51837588897983
pretest_1108,97.96577284709727
pretest_1109,63.871187369952175
pretest_1110,177.00348210497305
pretest_1111,318.3558905290579
pretest_1112,171.62714015660575
pretest_1113,63.96736552710262
pretest_1114,72.44753836980095
pretest_1115,68.17603461153111
pretest_1116,82.5424749831133
pretest_1117,112.23222763849702
pretest_1118,95.03198194841133
pretest_1119,94.17386749974852
pretest_1120,80.37044711994685
pretest_1121,183.6723477023692
pretest_1122,224.5900892504678
pretest_1123,58.66102848079058
pretest_1124,241.0486803373376
pretest_1125,247.49137366715775
pretest_1126,65.632213647914
pretest_1127,132.34719705021394
pretest_1128,66.92901883269094
pretest_1129,84.21783478495206
pretest_1130,179.94164991783046
pretest_1131,310.0138896446104
pretest_1132,76.49128948164488
pretest_1133,183.68818278476422
pretest_1134,215.5392823163798
pretest_1135,76.84350600190619
pretest_1136,88.17023764779209
pretest_1137,103.22477944351742
pretest_1138,92.66403533292115
pretest_1139,93.06577318069976
pretest_1140,85.32405951428353
pretest_1141,94.2592855055087
pretest_1142,79.78966471505339
pretest_1143,85.46630635133852
pretest_1144,304.5128085836301
pretest_1145,99.29668829126985
pretest_1146,275.4018093400363
pretest_1147,287.77377418492915
pretest_1148,140.18623536469002
pretest_1149,96.64824704581953
pretest_1150,250.18573260279746
pretest_1151,176.77200442953435
pretest_1152,109.95586493948355
pretest_1153,80.35252308797976
pretest_1154,162.7767720747859
pretest_1155,116.69067973216487
pretest_1156,63.69001189007975
pretest_1157,171.54650720175508
pretest_1158,50.13132592930934
pretest_1159,60.125752045010216
pretest_1160,91.15013497299074
pretest_1161,61.84519517443413
pretest_1162,101.47022364042458
pretest_1163,125.0032627666831
pretest_1164,168.97085941051515
pretest_1165,227.80710997748207
pretest_1166,69.10876420971374
pretest_1167,118.10336053883786
pretest_1168,104.52345875689157
pretest_1169,71.84722610402275
pretest_1170,185.03212682501507
pretest_1171,167.57413118837238
pretest_1172,72.29091270793708
pretest_1173,109.12048670432965
pretest_1174,108.91814427788958
pretest_1175,229.15920153762778
pretest_1176,97.17378964295412
pretest_1177,155.94548600269255
pretest_1178,148.0622376641366
pretest_1179,89.81430238216704
pretest_1180,134.96885801470188
pretest_1181,143.03710079576373
pretest_1182,66.92464287300002
pretest_1183,98.00338422926586
pretest_1184,71.76300110747637
pretest_1185,108.12786330097678
pretest_1186,172.38261342058016
pretest_1187,155.50255387836026
pretest_1188,196.10339839384315
pretest_1189,115.17336006208527
pretest_1190,64.3863988624811
pretest_1191,233.05986312150085
pretest_1192,74.99700252830226
pretest_1193,225.6857034598986
pretest_1194,169.32356926898672
pretest_1195,284.82227710003133
pretest_1196,163.1631046596737
pretest_1197,137.56879440330184
pretest_1198,215.86344787139365
pretest_1199,72.71747931786629
pretest_1200,73.66293744107561
pretest_1201,185.95030403616823
pretest_1202,84.94793199927794
pretest_1203,168.20078748396335
pretest_1204,125.03655611474163
pretest_1205,238.5257208292889
pretest_1206,107.28987761216251
pretest_1207,65.69139904303339
pretest_1208,302.1304729349016
pretest_1209,50.55818952350175
pretest_1210,156.66463199163724
pretest_1211,96.8657943184002
pretest_1212,150.36597686912899
pretest_1213,79.10543037097013
pretest_1214,122.48336683406063
pretest_1215,69.05434791761868
pretest_1216,224.85446429052013
pretest_1217,78.65288687183912
pretest_1218,146.36869905025785
pretest_1219,226.06947491616017
pretest_1220,96.82568457946394
pretest_1221,97.60458130433167
pretest_1222,100.73541068112223
pretest_1223,246.98145721284865
pretest_1224,63.543024436498
pretest_1225,104.11125585975086
pretest_1226,163.61961694764983
pretest_1227,139.42773023729399
pretest_1228,85.03078186243933
pretest_1229,66.16063581568105
pretest_1230,210.0172882262776
pretest_1231,83.60457172628644
pretest_1232,172.4212396445521
pretest_1233,153.7635019022888
pretest_1234,67.21739079482795
pretest_1235,87.26084288580537
pretest_1236,106.64223404600793
pretest_1237,500.55492067468936
pretest_1238,114.93327234332173
pretest_1239,57.63328775620373
pretest_1240,133.82905528725956
pretest_1241,138.44890016526443
pretest_1242,86.90199405314215
pretest_1243,105.0232411634456
pretest_1244,90.3434440534653
pretest_1245,58.25318316812391
pretest_1246,78.46559779907523
pretest_1247,81.47199019643904
pretest_1248,142.17150785648545
pretest_1249,118.58341831912365
pretest_1250,106.70309285990544
pretest_1251,67.78235670297929
pretest_1252,114.87376521206363
pretest_1253,70.50903076578729
pretest_1254,116.0800842919931
pretest_1255,219.92499951956802
pretest_1256,178.2195988695074
pretest_1257,83.3590655868199
pretest_1258,82.45100151611264
pretest_1259,156.69828312796596
pretest_1260,83.33240980751198
pretest_1261,219.82718499832245
pretest_1262,34.97763974212673
pretest_1263,346.5432261150439
pretest_1264,98.19202756479244
pretest_1265,109.89026552813519
pretest_1266,49.271813965631665
pretest_1267,100.95090888069139
pretest_1268,111.59553997172353
pretest_1269,110.97579810275953
pretest_1270,80.04142042062706
pretest_1271,73.62805808192564
pretest_1272,200.0123734562653
pretest_1273,61.61445653650919
pretest_1274,126.40130008012665
pretest_1275,92.74291512238564
pretest_1276,148.09540675939792
pretest_1277,82.17464524172257
pretest_1278,55.69010715655699
pretest_1279,100.55564711424269
pretest_1280,195.37672411055868
pretest_1281,103.33839830672905
pretest_1282,129.8676325573497
pretest_1283,55.82049399761277
pretest_1284,118.39050875510937
pretest_1285,175.96535042006263
pretest_1286,59.63208055539574
pretest_1287,86.44741659914958
pretest_1288,179.62343868798428
pretest_1289,83.99841596768191
pretest_1290,65.73083486333739
pretest_1291,93.95139040126
pretest_1292,240.472253828339
pretest_1293,76.21288805970829
pretest_1294,60.767381670552915
pretest_1295,196.02871990451263
pretest_1296,137.26045847972154
pretest_1297,289.61842583266
pretest_1298,58.034305563072266
pretest_1299,61.48156246232638
pretest_1300,116.5563779972564
pretest_1301,91.93293767314586
pretest_1302,59.59010951865554
pretest_1303,77.24814094429574
pretest_1304,77.18452817848933
pretest_1305,81.43719976927987
pretest_1306,57.27305974701711
pretest_1307,92.29045140230963
pretest_1308,212.81525525606267
pretest_1309,165.49862377105373
pretest_1310,165.28892314743803
pretest_1311,146.4601451046331
pretest_1312,92.20152924713237
pretest_1313,82.84823052430094
pretest_1314,96.74021860872698
pretest_1315,68.85555848828527
pretest_1316,88.86527226865768
pretest_1317,56.46449412791908
pretest_1318,98.59842517458192
pretest_1319,87.76212410099443
pretest_1320,82.15711750729706
pretest_1321,333.00100311409074
pretest_1322,51.66147169366906
pretest_1323,114.80341348336404
pretest_1324,94.77971395594659
pretest_1325,68.55130043390167
pretest_1326,110.11497852826069
pretest_1327,181.278481350947
pretest_1328,173.7393710403847
pretest_1329,290.43203469697966
pretest_1330,162.23622761989833
pretest_1331,67.05345136830151
pretest_1332,108.7112885753102
pretest_1333,78.33294090684439
pretest_1334,87.22683716898767
pretest_1335,68.1390178728281
pretest_1336,52.438607069965364
pretest_1337,117.43875497580399
pretest_1338,67.61862899933675
pretest_1339,89.39093331928281
pretest_1340,84.3959978548227
pretest_1341,62.675256487621574
pretest_1342,141.25947220781035
pretest_1343,73.10924439573317
pretest_1344,167.1381059966709
pretest_1345,71.1369541280988
pretest_1346,72.58727594163264
pretest_1347,74.1243727657112
pretest_1348,255.09888991045605
pretest_1349,185.8229590886071
pretest_1350,63.27512347781501
pretest_1351,214.27386020483934
pretest_1352,92.72578602763424
pretest_1353,64.08387102874171
pretest_1354,85.19970093211901
pretest_1355,88.9302709297595
pretest_1356,62.14409956686367
pretest_1357,57.684490190622675
pretest_1358,112.80296847890389
pretest_1359,143.89987024944924
pretest_1360,71.64391351925823
pretest_1361,326.73121865470284
pretest_1362,155.2744041412556
pretest_1363,73.70344833317296
pretest_1364,43.899376086785594
pretest_1365,81.02488332312112
pretest_1366,67.18840856824659
pretest_1367,96.22637098806722
pretest_1368,190.8787014075762
pretest_1369,68.78117220866277
pretest_1370,175.12917050258727
pretest_1371,179.47498205630666
pretest_1372,406.81687129734973
pretest_1373,59.79022765420369
pretest_1374,110.56880164007785
pretest_1375,98.28898262533377
pretest_1376,78.67342700736846
pretest_1377,214.70993198338073
pretest_1378,201.07941821412243
pretest_1379,157.7003058782611
pretest_1380,296.5304631547774
pretest_1381,134.62885343995404
pretest_1382,82.1509054623414
pretest_1383,79.26721081651763
pretest_1384,69.89174276322825
pretest_1385,263.8550971291278
pretest_1386,173.38599204677223
pretest_1387,80.23635388373982
pretest_1388,300.7184410489473
pretest_1389,102.60614591653339
pretest_1390,195.55384370807292
pretest_1391,76.3318334548854
pretest_1392,136.44721581418287
pretest_1393,136.88353841501302
pretest_1394,167.98322071989003
pretest_1395,91.121610960422
pretest_1396,71.45662431978442
pretest_1397,256.45244566398014
pretest_1398,76.08530230681276
pretest_1399,129.36871336214068
pretest_1400,108.66947083101518
pretest_1401,259.9303763846539
pretest_1402,143.354112524022
pretest_1403,58.67791776219367
pretest_1404,132.32527670116713
pretest_1405,252.41003079400886
pretest_1406,130.35465066868719
pretest_1407,120.9532055846891
pretest_1408,116.66586230653456
pretest_1409,55.97028380153578
pretest_1410,108.80185326902496
pretest_1411,75.84427820133826
pretest_1412,86.1438122695466
pretest_1413,94.1424894920828
pretest_1414,54.64536205078503
pretest_1415,91.25641691126384
pretest_1416,142.36083896580323
pretest_1417,55.104743118276446
pretest_1418,73.79089917651744
pretest_1419,280.0481286812807
pretest_1420,295.34702654156723
pretest_1421,82.21431175367174
pretest_1422,55.881061679897975
pretest_1423,339.5157257199211
pretest_1424,68.83894862370434
pretest_1425,115.36266616227056
pretest_1426,121.47831138275822
pretest_1427,66.845419402948
pretest_1428,92.87505665037821
pretest_1429,83.90311578006109
pretest_1430,101.7351103314582
pretest_1431,79.41347561894744
pretest_1432,77.72286757623993
pretest_1433,120.6535807198103
pretest_1434,76.23554301074819
pretest_1435,241.98053802122595
pretest_1436,82.48405934229437
pretest_1437,99.69377513415982
pretest_1438,303.45638331833914
pretest_1439,459.66374934916877
pretest_1440,129.78905043279886
pretest_1441,167.99913274631464
pretest_1442,163.92500773893045
pretest_1443,114.38198224071095
pretest_1444,207.2381426719906
pretest_1445,200.46325853828156
pretest_1446,63.73729195709536
pretest_1447,164.45713952958545
pretest_1448,111.57560666724306
pretest_1449,81.52208359792057
pretest_1450,49.2915769027565
pretest_1451,64.56200928019298
pretest_1452,64.73271152125844
pretest_1453,131.1550048061949
pretest_1454,128.4101801872363
pretest_1455,227.95455243102367
pretest_1456,260.81810071290346
pretest_1457,123.68883744914399
pretest_1458,60.08308396443466
pretest_1459,280.9506650571064
pretest_1460,71.88959501530019
pretest_1461,89.02052102013855
pretest_1462,79.69661102719715
pretest_1463,69.37141466656793
pretest_1464,107.89293747222835
pretest_1465,74.07354796943675
pretest_1466,174.23715246487959
pretest_1467,94.57875366324372
pretest_1468,90.7338812798305
pretest_1469,425.3897208341785
pretest_1470,380.7899555390634
pretest_1471,47.59069370605033
pretest_1472,148.8244318395665
pretest_1473,68.21898238174245
pretest_1474,55.86239264641956
pretest_1475,74.93898639292718
pretest_1476,75.29272498675738
pretest_1477,73.33344383972015
pretest_1478,60.17849543479867
pretest_1479,253.10856746182938
pretest_1480,203.96963727862604
pretest_1481,88.51650897265948
pretest_1482,265.95629003107393
pretest_1483,107.37429802067655
pretest_1484,70.47194884195865
pretest_1485,309.60988523953694
pretest_1486,50.50852824715272
pretest_1487,76.74037667368226
pretest_1488,291.70883201493035
pretest_1489,85.74696715374643
pretest_1490,84.68462805784216
pretest_1491,164.87200535388362
pretest_1492,63.6753082684342
pretest_1493,98.1347366199333
pretest_1494,469.534080146908
pretest_1495,115.77603121374237
pretest_1496,61.49887480811798
pretest_1497,67.17014475522292
pretest_1498,151.56353583792585
pretest_1499,90.23773123930646
pretest_1500,96.57539753385579
pretest_1501,-0.005043496101302367
pretest_1502,0.8078875453072857
pretest_1503,-5.86353727335583
pretest_1504,4.305429443365805
pretest_1505,-6.120368296496239
pretest_1506,0.06105430083666956
pretest_1507,-5.413604423616133
pretest_1508,-7.147182564712668
pretest_1509,-4.300379995434154
pretest_1510,-2.887282841860365
pretest_1511,3.806718419715298
pretest_1512,7.71861674770476
pretest_1513,1.9772460736033945
pretest_1514,-7.184174443621419
pretest_1515,6.963997954676333
pretest_1516,-3.246072168447656
pretest_1517,-6.795815463976624
pretest_1518,29.027103208316294
pretest_1519,-1.3287739988123688
pretest_1520,0.6607787010092318
pretest_1521,1.2486015015946486
pretest_1522,-0.9906264293165233
pretest_1523,0.49356753005544435
pretest_1524,-3.245011356662949
pretest_1525,1.5745068427295883
pretest_1526,8.11774816089279
pretest_1527,25.640741467210756
pretest_1528,-1.092565846104843
pretest_1529,10.727683145787664
pretest_1530,20.511902607705565
pretest_1531,2.8943893490162624
pretest_1532,-2.5703582104187563
pretest_1533,-4.8705361590566945
pretest_1534,-2.5720726179549893
pretest_1535,-4.606311504940112
pretest_1536,-10.586449469721021
pretest_1537,4.335199630513353
pretest_1538,-2.439907172310086
pretest_1539,1.701227318602342
pretest_1540,3.7645718480716432
pretest_1541,4.503859817921664
pretest_1542,-3.024825506196287
pretest_1543,3.929462201141921
pretest_1544,-9.210228609097115
pretest_1545,-7.251049002751966
pretest_1546,5.324051551486793
pretest_1547,-1.2357321441727527
pretest_1548,1.9077723087187985
pretest_1549,-5.9138386938659195
pretest_1550,-1.8903136163739487
pretest_1551,-0.34719403355263884
pretest_1552,-2.1847016220860755
pretest_1553,-13.652201424606263
pretest_1554,-9.420595718500646
pretest_1555,7.5351048442288455
pretest_1556,-1.4911712416695986
pretest_1557,3.5682707494631978
pretest_1558,6.268170411352632
pretest_1559,2.4903869792704993
pretest_1560,2.011334824834611
pretest_1561,-1.7697992365198407
pretest_1562,7.5121137165602985
pretest_1563,-0.21051505545470575
pretest_1564,14.47251166512285
pretest_1565,-3.574234783508792
pretest_1566,1.087649839373196
pretest_1567,82.75104101154724
pretest_1568,-6.116325629173694
pretest_1569,71.42074762954402
pretest_1570,9.68773778546928
pretest_1571,3.0195057249119035
pretest_1572,0.717626524808336
pretest_1573,-2.526684808022892
pretest_1574,-2.318866858142126
pretest_1575,-4.422477044887215
pretest_1576,-3.5217573700592455
pretest_1577,7.227130031682057
pretest_1578,27.864467254470366
pretest_1579,0.486079269269103
pretest_1580,-3.676387132382485
pretest_1581,-5.878969232063589
pretest_1582,-3.2728204770172686
pretest_1583,-0.6227586816808083
pretest_1584,3.4249006712806365
pretest_1585,7.365282108459029
pretest_1586,-3.497607403337497
pretest_1587,0.7825389006786431
pretest_1588,4.3385004702174
pretest_1589,-6.336845364845792
pretest_1590,-7.450483046921039
pretest_1591,20.2518835260367
pretest_1592,-2.944169223460772
pretest_1593,9.654681324260965
pretest_1594,-2.05314191392494
pretest_1595,4.14554429179364
pretest_1596,-3.3787493921767817
pretest_1597,-2.433723557979693
pretest_1598,-3.8347363936348313
pretest_1599,-4.476437283286323
pretest_1600,0.42425232951349806
pretest_1601,0.8853408467184175
pretest_1602,1.0919425956094093
pretest_1603,-1.228290665555664
pretest_1604,-10.06492684462362
pretest_1605,-2.272700139841251
pretest_1606,15.941210008742441
pretest_1607,-6.131875162032291
pretest_1608,-4.474296053245814
pretest_1609,1.2315106855884017
pretest_1610,-3.746795440500774
pretest_1611,6.789014579785693
pretest_1612,-1.4537718569991398
pretest_1613,0.7479758817371125
pretest_1614,-2.01801908853017
pretest_1615,-11.534106029690534
pretest_1616,-1.3650828263229622
pretest_1617,-10.28710668218612
pretest_1618,-7.619120198031817
pretest_1619,-12.615284254283138
pretest_1620,-0.418537037881355
pretest_1621,1.1550399488701153
pretest_1622,-4.1635987703361925
pretest_1623,-1.6472867291750495
pretest_1624,2.162636418703559
pretest_1625,5.457162842853964
pretest_1626,7.133606135071703
pretest_1627,-5.791210468705106
pretest_1628,0.2400156563881375
pretest_1629,-7.748252555381259
pretest_1630,-2.3639691624729853
pretest_1631,-8.405101223289682
pretest_1632,4.627035131289785
pretest_1633,2.147712544909551
pretest_1634,3.0294742099958283
pretest_1635,40.46667265372714
pretest_1636,4.156201820062561
pretest_1637,-1.9743584363368765
pretest_1638,-10.399254275174805
pretest_1639,-2.694904992610814
pretest_1640,7.6747033023792195
pretest_1641,-2.3888142266171397
pretest_1642,34.258667567377834
pretest_1643,4.340537680646806
pretest_1644,1.1609504411749867
pretest_1645,2.206936454874722
pretest_1646,5.917808810527089
pretest_1647,-0.9740932333885735
pretest_1648,-0.9734815825228144
pretest_1649,-12.953188681993133
pretest_1650,-6.527247814401375
pretest_1651,4.429617759159952
pretest_1652,-4.741832221272011
pretest_1653,1.4509498151568625
pretest_1654,23.146593508446635
pretest_1655,-0.19386064709237735
pretest_1656,-1.8113295789363388
pretest_1657,-0.4119964777411815
pretest_1658,5.237383405287326
pretest_1659,6.177511519048075
pretest_1660,-3.9569302374355546
pretest_1661,4.266515309161799
pretest_1662,-4.339545141823841
pretest_1663,-7.248526163574426
pretest_1664,-4.108988352215733
pretest_1665,4.65039903322406
pretest_1666,-7.165881410608758
pretest_1667,-0.5765120084807738
pretest_1668,-3.6648913760804644
pretest_1669,4.260071894457092
pretest_1670,-5.626586468242401
pretest_1671,-4.464085618024639
pretest_1672,0.04655964367959663
pretest_1673,1.223470117750235
pretest_1674,1.7505898059767673
pretest_1675,-4.49563400544652
pretest_1676,-4.116364345456087
pretest_1677,-5.852911216967446
pretest_1678,1.3127578009987642
pretest_1679,35.56282782223324
pretest_1680,1.1852885809508864
pretest_1681,7.463563241459903
pretest_1682,-0.7381212147296088
pretest_1683,32.14227859833803
pretest_1684,-3.4470713868899368
pretest_1685,1.3932306699786035
pretest_1686,-0.7158396843343838
pretest_1687,-1.870833183411078
pretest_1688,6.516456770264751
pretest_1689,0.6906713547305112
pretest_1690,-0.9342669390516518
pretest_1691,0.36692756139889854
pretest_1692,1.211693011673635
pretest_1693,1.5716841974126055
pretest_1694,0.5465556564500846
pretest_1695,0.09987102451563633
pretest_1696,-5.118174072970677
pretest_1697,0.23163927376019655
pretest_1698,-0.44420127637616497
pretest_1699,0.5902948277939136
pretest_1700,2.1516427672867775
pretest_1701,15.877380952361102
pretest_1702,1.6950553524192904
pretest_1703,-3.414318521681882
pretest_1704,2.1596193122570337
pretest_1705,15.146536787961162
pretest_1706,1.574224537689834
pretest_1707,3.2787389110734777
pretest_1708,-2.69235633990214
pretest_1709,-3.113561777180755
pretest_1710,14.183789335988452
pretest_1711,3.3067029041261224
pretest_1712,3.320135387664489
pretest_1713,0.2599782295468607
pretest_1714,3.8461458064852194
pretest_1715,-0.7687807980456246
pretest_1716,-2.5948036325227264
pretest_1717,1.405826455543824
pretest_1718,15.645693298704535
pretest_1719,1.150283957307502
pretest_1720,9.104261550288442
pretest_1721,7.410188094460713
pretest_1722,-2.128442751202759
pretest_1723,1.1582782758977286
pretest_1724,-4.91823643568669
pretest_1725,0.841858079299658
pretest_1726,1.4560024572926344
pretest_1727,4.987616066649308
pretest_1728,-13.243676318849666
pretest_1729,-6.145867068115512
pretest_1730,1.5974549376744678
pretest_1731,-3.5875994441155705
pretest_1732,-3.5256341741798547
pretest_1733,2.581808096779705
pretest_1734,54.35528935568606
pretest_1735,-0.7779714660545803
pretest_1736,-1.1713155917463398
pretest_1737,-7.570721283038609
pretest_1738,4.0115606287440295
pretest_1739,1.6985868795482622
pretest_1740,-3.0326795159688
pretest_1741,-3.494742048852292
pretest_1742,-3.197695640125592
pretest_1743,5.559299774205344
pretest_1744,-0.22427753331574501
pretest_1745,-3.7527029688673115
pretest_1746,9.9260941393478
pretest_1747,4.183840754973395
pretest_1748,0.9933964600448068
pretest_1749,-8.309493291347218
pretest_1750,-0.7178192833344532
pretest_1751,-10.064432745633114
pretest_1752,0.3530125860375614
pretest_1753,-6.973201098084552
pretest_1754,2.0014962830533474
pretest_1755,-2.7097571954690443
pretest_1756,-4.404769016236999
pretest_1757,-3.818923453591099
pretest_1758,-3.9674936056141377
pretest_1759,-2.6389755224901985
pretest_1760,8.320411155340322
pretest_1761,42.15222330020881
pretest_1762,18.072183855328504
pretest_1763,-1.3231142134746505
pretest_1764,10.244924165517423
pretest_1765,1.7554181637890571
pretest_1766,-6.559633762179468
pretest_1767,-7.330660329746285
pretest_1768,-5.96763946462891
pretest_1769,-13.99571238420947
pretest_1770,-5.560306377453231
pretest_1771,-1.8186855780007007
pretest_1772,-8.632725253552774
pretest_1773,1.318315129100763
pretest_1774,-0.04005078389628361
pretest_1775,-5.543969461216225
pretest_1776,-0.895182975627205
pretest_1777,1.002984697871978
pretest_1778,-12.57273607222972
pretest_1779,-13.883930115354381
pretest_1780,2.5412347502177552
pretest_1781,2.220330527652011
pretest_1782,-5.319127583821992
pretest_1783,-0.7556095557762006
pretest_1784,6.704076200605353
pretest_1785,-2.794030206278882
pretest_1786,84.34573322476105
pretest_1787,16.092923605198308
pretest_1788,1.1547854169385938
pretest_1789,-2.4397518164028726
pretest_1790,-2.256953635015467
pretest_1791,4.62790495304731
pretest_1792,-0.9759686592423672
pretest_1793,43.98028061023038
pretest_1794,-3.447128450799848
pretest_1795,-5.572791889301835
pretest_1796,4.0323665560638675
pretest_1797,19.789217431639557
pretest_1798,-0.861575446006309
pretest_1799,2.6514325704448667
pretest_1800,0.8933007447914825
pretest_1801,2.695804573023386
pretest_1802,57.30905932351672
pretest_1803,6.144218897484069
pretest_1804,5.986447316829433
pretest_1805,-0.6079909305676822
pretest_1806,-3.453332681304981
pretest_1807,-3.453691579588345
pretest_1808,0.9476589477230553
pretest_1809,8.883747878173578
pretest_1810,1.8755769020492863
pretest_1811,-4.243885793872511
pretest_1812,-7.7301402070886365
pretest_1813,0.4898734933421228
pretest_1814,-12.871170100735212
pretest_1815,-4.853226640117307
pretest_1816,-8.68102888269374
pretest_1817,-4.939658092222076
pretest_1818,8.221026680252239
pretest_1819,-0.9579805777893792
pretest_1820,3.0935821241025407
pretest_1821,0.23975728887302977
pretest_1822,21.79043475989415
pretest_1823,10.069432965282267
pretest_1824,2.4840886691208217
pretest_1825,2.4209587966043435
pretest_1826,-1.4853748102016255
pretest_1827,-1.8515225424856099
pretest_1828,1.5804829160478286
pretest_1829,-4.7479978471342505
pretest_1830,3.6835599367220118
pretest_1831,51.57680207394128
pretest_1832,-3.775381100887772
pretest_1833,2.957798692182099
pretest_1834,-3.2323731380864045
pretest_1835,-1.8808568764006575
pretest_1836,2.6252646624345357
pretest_1837,-0.6591026654438994
pretest_1838,-9.04025746506516
pretest_1839,2.9792282394113414
pretest_1840,-1.680979150700467
pretest_1841,-13.894467890673173
pretest_1842,-9.28123734584784
pretest_1843,-1.313782781464324
pretest_1844,1.4012471022516633
pretest_1845,-12.558537824348557
pretest_1846,-3.187391565860614
pretest_1847,-0.8827283820905178
pretest_1848,2.930016580169793
pretest_1849,-10.494944984222409
pretest_1850,1.619414668386197
pretest_1851,21.538925418610408
pretest_1852,13.81309975519902
pretest_1853,7.883838706838528
pretest_1854,9.168356942714002
pretest_1855,36.66547324408463
pretest_1856,-1.8375634156768896
pretest_1857,1.6988662730586828
pretest_1858,19.188169359017856
pretest_1859,0.47441024875160986
pretest_1860,35.218527703490594
pretest_1861,-3.658135371833587
pretest_1862,0.04236462981269083
pretest_1863,4.095267301142857
pretest_1864,1.3080535544240453
pretest_1865,-5.288089845278859
pretest_1866,2.4976765848227704
pretest_1867,-0.1790672911485897
pretest_1868,-7.677095526651206
pretest_1869,-2.2737839803826403
pretest_1870,-5.089111505108721
pretest_1871,2.005998851889077
pretest_1872,-2.554786176176888
pretest_1873,-2.6395868475197513
pretest_1874,0.08902479015819972
pretest_1875,6.49826405704357
pretest_1876,4.586496893314192
pretest_1877,3.4336720071336075
pretest_1878,-8.976061684160664
pretest_1879,-1.4612312196317847
pretest_1880,-1.614321076452317
pretest_1881,-4.988648496057177
pretest_1882,-12.766142787342348
pretest_1883,38.463288005659926
pretest_1884,-1.0567887432751366
pretest_1885,-4.476704100548049
pretest_1886,0.37716849796562835
pretest_1887,4.480859344986454
pretest_1888,2.395181040466438
pretest_1889,-5.865464069413191
pretest_1890,-1.6259464929145824
pretest_1891,-2.6463065446857645
pretest_1892,-2.094329270610925
pretest_1893,1.0695199601376584
pretest_1894,-3.1975409983294396
pretest_1895,-1.077396713714468
pretest_1896,5.0934764068204945
pretest_1897,1.905743014086749
pretest_1898,34.38469835486233
pretest_1899,-13.863056593334678
pretest_1900,-1.604962268546231
pretest_1901,-1.6113835945494968
pretest_1902,-5.43682560825807
pretest_1903,12.764933515267241
pretest_1904,-1.9149679774721557
pretest_1905,23.199471558841193
pretest_1906,-8.762632765500147
pretest_1907,-0.43578075794138565
pretest_1908,11.400826892712741
pretest_1909,-6.506106084166395
pretest_1910,2.3527982615016696
pretest_1911,5.471045903223532
pretest_1912,6.329832062024113
pretest_1913,0.6479600573658453
pretest_1914,-5.9544137624162135
pretest_1915,6.972899793776341
pretest_1916,10.95609713764504
pretest_1917,-2.1635439751712258
pretest_1918,4.083509243277986
pretest_1919,2.9464982875996606
pretest_1920,-2.709013683114378
pretest_1921,4.8896623392721725
pretest_1922,-4.187877619104066
pretest_1923,6.255511989570433
pretest_1924,2.963369425930139
pretest_1925,-3.4678383325099036
pretest_1926,7.152979961933059
pretest_1927,-3.9388801763489902
pretest_1928,31.071907593710797
pretest_1929,1.8607820586224446
pretest_1930,-4.757336484875938
pretest_1931,-5.4043955430192385
pretest_1932,-3.1160554467768184
pretest_1933,3.5458277496982102
pretest_1934,-1.6827480040817167
pretest_1935,4.0664957413528935
pretest_1936,-4.448975188010064
pretest_1937,-3.362848831638195
pretest_1938,-1.16889411808846
pretest_1939,1.9546795753037616
pretest_1940,-4.449162925111559
pretest_1941,4.2437650862634495
pretest_1942,4.955112466889753
pretest_1943,-0.9004781156683113
pretest_1944,3.053907747281295
pretest_1945,6.995497620951937
pretest_1946,-8.284208265122079
pretest_1947,0.46231701336511727
pretest_1948,-5.44223335192286
pretest_1949,5.363224222606608
pretest_1950,2.080688925190741
pretest_1951,-4.0001615979813065
pretest_1952,-3.268134598442342
pretest_1953,63.757249218458675
pretest_1954,2.5031665917422914
pretest_1955,-11.54261618843769
pretest_1956,-0.014251402362261982
pretest_1957,8.726046697454958
pretest_1958,6.3852576318185035
pretest_1959,-3.8004651047817117
pretest_1960,3.2861641195747917
pretest_1961,7.73756120792684
pretest_1962,8.392460035007705
pretest_1963,-14.648741071715344
pretest_1964,7.625092981578189
pretest_1965,-5.477661122513821
pretest_1966,-4.912603956812497
pretest_1967,47.313118320410595
pretest_1968,-1.0716345306059474
pretest_1969,-1.8545433513050644
pretest_1970,6.733311866660223
pretest_1971,19.774374668137746
pretest_1972,5.79028439336186
pretest_1973,1.0659870433187748
pretest_1974,-3.4675697885228765
pretest_1975,-8.023292623457579
pretest_1976,-3.6508857219152695
pretest_1977,-6.6808446153404875
pretest_1978,35.385756446175364
pretest_1979,-3.182962499430494
pretest_1980,-1.809632093273047
pretest_1981,4.115553821558264
pretest_1982,2.177545233532178
pretest_1983,-1.2324059354264383
pretest_1984,-11.15029807135842
pretest_1985,-0.7137639957475495
pretest_1986,1.3857851179977347
pretest_1987,-2.606341322358618
pretest_1988,-3.4414491590473646
pretest_1989,3.7862342870906036
pretest_1990,-5.386586315748271
pretest_1991,3.1745957106006664
pretest_1992,-4.389032983655088
pretest_1993,24.934046982344867
pretest_1994,1.6849120100219352
pretest_1995,-4.566312933228976
pretest_1996,1.1770912281841388
pretest_1997,3.387031426935703
pretest_1998,-0.3181645409523522
pretest_1999,-8.300228195276587
pretest_2000,47.90029113815046
